{
    "0": 20.168762,
    "1": 19.673945,
    "2": 19.131740,
    "3": 13.341309,
    "4": 12.662653,
    "5": 11.609627,
    "6": 8.799402,
    "7": 15.032247,
    "8": 9.870918,
    "9": 8.551997,
    "10": 16.229527,
    "11": 2.691602,
    "12": 24.821205,
    "13": 7.998210,
    "14": 17.358697,
    "15": 6.947779,
    "16": 5.651900,
    "17": 16.108006,
    "18": 15.265236,
    "19": 9.203178,
    "20": 10.299989,
    "22": 17.244304,
    "23": 18.705786
}